"Company Name","Website","Phone","Rating","Reviews","City","Category","Score","Improved Outreach Message"
"Top Dachdecker Berlin","https://topdachdecker.com/","+49 1514 3696726","4","4","Berlin","Dachdecker","9","Guten Tag Top Dachdecker Berlin,

wir sind auf euren Betrieb gestoßen und haben gesehen, dass ihr einen Komplettservice rund ums Dach anbietet.
Wir entwickeln ein System für Handwerksbetriebe, das Anfragen automatisch nachfasst, Interessenten kontaktiert, vorqualifiziert und Termine direkt bucht – ohne zusätzlichen Aufwand.
Wäre das grundsätzlich interessant für euch?"
"reetdach-berlin®️","http://www.reetdach-berlin.de/","+49 30 64904963","4.1","10","Berlin","Dachdecker","8","Guten Tag reetdach-berlin®️,

wir sind auf euren Betrieb gestoßen und haben gesehen, dass ihr viel Sanierungsarbeit macht – vor allem für Gewerbekunden.
Wir entwickeln ein System für Handwerksbetriebe, das Anfragen automatisch nachfasst, Interessenten kontaktiert, vorqualifiziert und Termine direkt bucht – ohne zusätzlichen Aufwand.
Wäre ein kurzes Gespräch dazu interessant?"
"Dachdeckerei-otay","https://dachdeckerei-otay.de/","+49 176 21454768","4","8","Berlin","Dachdecker","9","Guten Tag Dachdeckerei-otay,

wir sind auf euren Betrieb gestoßen und haben gesehen, dass ihr viel im Flachdachbereich unterwegs seid.
Wir entwickeln ein System für Handwerksbetriebe, das Anfragen automatisch nachfasst, Interessenten kontaktiert, vorqualifiziert und Termine direkt bucht – ohne zusätzlichen Aufwand.
Wäre das grundsätzlich interessant für euch?"
"Dachdecker-Innung München-Oberbayern","https://dachdeckerinnung-obb.de/","+49 89 17809104","3.6","8","München","Dachdecker","9","Guten Tag Dachdecker-Innung München-Oberbayern,

wir sind auf euren Betrieb gestoßen und haben gesehen, dass ihr als zertifizierter Betrieb in der Region aktiv seid.
Wir entwickeln ein System für Handwerksbetriebe, das Anfragen automatisch nachfasst, Interessenten kontaktiert, vorqualifiziert und Termine direkt bucht – ohne zusätzlichen Aufwand.
Wäre ein kurzes Gespräch dazu interessant?"
"Die Dachexperten- Dachdeckerei-Meisterbetrieb Hamburg","https://www.diedachexperten.de/","+49 40 21988883","4.1","9","Hamburg","Dachdecker","8","Guten Tag Die Dachexperten- Dachdeckerei-Meisterbetrieb Hamburg,

wir sind auf euren Betrieb gestoßen und haben gesehen, dass ihr als Meisterbetrieb viel Dachsanierung macht.
Wir entwickeln ein System für Handwerksbetriebe, das Anfragen automatisch nachfasst, Interessenten kontaktiert, vorqualifiziert und Termine direkt bucht – ohne zusätzlichen Aufwand.
Wäre das grundsätzlich interessant für euch?"
"Durchdacht Dachdeckerei Benjamin Brech","https://durchdacht.org/","+49 177 7998984","4","4","Eschweiler","Dachdecker","9","Guten Tag Durchdacht Dachdeckerei Benjamin Brech,

wir sind auf euren Betrieb gestoßen und haben gesehen, dass ihr als Meisterbetrieb unterwegs seid.
Wir entwickeln ein System für Handwerksbetriebe, das Anfragen automatisch nachfasst, Interessenten kontaktiert, vorqualifiziert und Termine direkt bucht – ohne zusätzlichen Aufwand.
Wäre ein kurzes Gespräch dazu interessant?"
"Zentralverband des Deutschen Dachdeckerhandwerks","http://www.dachdecker.de/","+49 221 3980380","4.2","6","Köln","Vereinigung / Organisation","8","Guten Tag Zentralverband des Deutschen Dachdeckerhandwerks,

wir sind auf euren Betrieb gestoßen und haben gesehen, dass ihr auch im Bereich Solar aktiv seid.
Wir entwickeln ein System für Handwerksbetriebe, das Anfragen automatisch nachfasst, Interessenten kontaktiert, vorqualifiziert und Termine direkt bucht – ohne zusätzlichen Aufwand.
Wäre das grundsätzlich interessant für euch?"
"Dach & Holzbau STECK","http://www.dach-holzbau-steck.de/","+49 951 9684680","4.3","3","Bamberg","Dachdecker","7","Guten Tag Dach & Holzbau STECK,

wir sind auf euren Betrieb gestoßen und haben gesehen, dass ihr Dach und Holzbau zusammen anbietet.
Wir entwickeln ein System für Handwerksbetriebe, das Anfragen automatisch nachfasst, Interessenten kontaktiert, vorqualifiziert und Termine direkt bucht – ohne zusätzlichen Aufwand.
Wäre ein kurzes Gespräch dazu interessant?"
"Kurt Philipp Bedachungen GmbH","https://www.philipp-bedachungen.de/","+49 9251 6101","4.3","8","Münchberg","Dachdecker","7","Guten Tag Kurt Philipp Bedachungen GmbH,

wir sind auf euren Betrieb gestoßen und haben gesehen, dass ihr neben Bedachungen auch Fassadenarbeiten macht.
Wir entwickeln ein System für Handwerksbetriebe, das Anfragen automatisch nachfasst, Interessenten kontaktiert, vorqualifiziert und Termine direkt bucht – ohne zusätzlichen Aufwand.
Wäre das grundsätzlich interessant für euch?"
"Fuss und Gartenschläger Flachdachbau GmbH","http://www.flachdachbau-fug.de/","+49 9229 96490","4.1","7","Mainleus","Dachdecker","8","Guten Tag Fuss und Gartenschläger Flachdachbau GmbH,

wir sind auf euren Betrieb gestoßen und haben gesehen, dass ihr euch auf Flachdachbau spezialisiert habt.
Wir entwickeln ein System für Handwerksbetriebe, das Anfragen automatisch nachfasst, Interessenten kontaktiert, vorqualifiziert und Termine direkt bucht – ohne zusätzlichen Aufwand.
Wäre ein kurzes Gespräch dazu interessant?"
"Pauli Bedachungen","http://pauli-bedachungen.de/kontakt/","+49 9549 987809","4.2","5","Walsdorf","Dachdecker","8","Guten Tag Pauli Bedachungen,

wir sind auf euren Betrieb gestoßen und haben gesehen, dass ihr als regionaler Betrieb in der Gegend aktiv seid.
Wir entwickeln ein System für Handwerksbetriebe, das Anfragen automatisch nachfasst, Interessenten kontaktiert, vorqualifiziert und Termine direkt bucht – ohne zusätzlichen Aufwand.
Wäre das grundsätzlich interessant für euch?"
"Bauspenglerei Dachdeckerei Johannes Karl - Trunstadt","https://bauspenglerei-karl.de/","+49 160 7215543","3.7","6","Viereth-Trunstadt","Dachdecker","9","Guten Tag Bauspenglerei Dachdeckerei Johannes Karl - Trunstadt,

wir sind auf euren Betrieb gestoßen und haben gesehen, dass ihr Spenglerei und Dachdeckerei zusammen anbietet.
Wir entwickeln ein System für Handwerksbetriebe, das Anfragen automatisch nachfasst, Interessenten kontaktiert, vorqualifiziert und Termine direkt bucht – ohne zusätzlichen Aufwand.
Wäre ein kurzes Gespräch dazu interessant?"
"Oliver Frank Zimmerei und Dachdeckerei","http://www.zimmerei-dachdeckerei-frank.de/","+49 9503 503729","3.7","6","Viereth-Trunstadt","Dachdecker","9","Guten Tag Oliver Frank Zimmerei und Dachdeckerei,

wir sind auf euren Betrieb gestoßen und haben gesehen, dass ihr Zimmerei und Dachdeckerei unter einem Dach anbietet.
Wir entwickeln ein System für Handwerksbetriebe, das Anfragen automatisch nachfasst, Interessenten kontaktiert, vorqualifiziert und Termine direkt bucht – ohne zusätzlichen Aufwand.
Wäre das grundsätzlich interessant für euch?"
"TD Dachtechnik GmbH","http://www.td-dachtechnik.de/","+49 2842 719019","4.1","10","Kamp-Lintfort","Dachdecker","8","Guten Tag TD Dachtechnik GmbH,

wir sind auf euren Betrieb gestoßen und haben gesehen, dass ihr euch auf technische Dacharbeiten spezialisiert habt.
Wir entwickeln ein System für Handwerksbetriebe, das Anfragen automatisch nachfasst, Interessenten kontaktiert, vorqualifiziert und Termine direkt bucht – ohne zusätzlichen Aufwand.
Wäre ein kurzes Gespräch dazu interessant?"
"LG Dachdecker Essen","http://lg-dachdeckeressen.de/","+49 15678 930806","3.5","2","Essen","Dachdecker","9","Guten Tag LG Dachdecker Essen,

wir sind auf euren Betrieb gestoßen und haben gesehen, dass ihr auch für öffentliche Auftraggeber arbeitet.
Wir entwickeln ein System für Handwerksbetriebe, das Anfragen automatisch nachfasst, Interessenten kontaktiert, vorqualifiziert und Termine direkt bucht – ohne zusätzlichen Aufwand.
Wäre das grundsätzlich interessant für euch?"
"Hackmann Bedachung","https://hackmann-bedachung.de/","+49 1511 2067451","4.3","6","Wülfrath","Dachdecker","7","Guten Tag Hackmann Bedachung,

wir sind auf euren Betrieb gestoßen und haben gesehen, dass ihr als Meisterbetrieb unterwegs seid.
Wir entwickeln ein System für Handwerksbetriebe, das Anfragen automatisch nachfasst, Interessenten kontaktiert, vorqualifiziert und Termine direkt bucht – ohne zusätzlichen Aufwand.
Wäre ein kurzes Gespräch dazu interessant?"
"Brentrup Dachbau GmbH","http://brentrup-dachbau.de/","+49 208 652108","3.8","4","Oberhausen","Dachdecker","9","Guten Tag Brentrup Dachbau GmbH,

wir sind auf euren Betrieb gestoßen und haben gesehen, dass ihr viel Dachsanierung macht – gerade für Gewerbekunden.
Wir entwickeln ein System für Handwerksbetriebe, das Anfragen automatisch nachfasst, Interessenten kontaktiert, vorqualifiziert und Termine direkt bucht – ohne zusätzlichen Aufwand.
Wäre das grundsätzlich interessant für euch?"
"Dachdecker Kayser GmbH","http://www.dachdecker-kayser.de/","+49 202 2611669","4.3","9","Wuppertal","Dachdecker","7","Guten Tag Dachdecker Kayser GmbH,

wir sind auf euren Betrieb gestoßen und haben gesehen, dass ihr bei euren Sanierungen auf Nachhaltigkeit setzt.
Wir entwickeln ein System für Handwerksbetriebe, das Anfragen automatisch nachfasst, Interessenten kontaktiert, vorqualifiziert und Termine direkt bucht – ohne zusätzlichen Aufwand.
Wäre ein kurzes Gespräch dazu interessant?"
"Leonhard Bock GmbH","https://dachdecker-bock.de/","+49 2335 3960","4.3","7","Wetter (Ruhr)","Dachdecker","7","Guten Tag Leonhard Bock GmbH,

wir sind auf euren Betrieb gestoßen und haben gesehen, dass ihr als zertifizierter Meisterbetrieb im Ruhrgebiet aktiv seid.
Wir entwickeln ein System für Handwerksbetriebe, das Anfragen automatisch nachfasst, Interessenten kontaktiert, vorqualifiziert und Termine direkt bucht – ohne zusätzlichen Aufwand.
Wäre das grundsätzlich interessant für euch?"
"Thiele GmbH, Dach- und Schornsteintechnik","https://www.thiele-gmbh.com/","+49 201 353966","4.3","6","Essen","Dachdecker","7","Guten Tag Thiele GmbH, Dach- und Schornsteintechnik,

wir sind auf euren Betrieb gestoßen und haben gesehen, dass ihr viel Abdichtungsarbeit macht – gerade für Gewerbekunden.
Wir entwickeln ein System für Handwerksbetriebe, das Anfragen automatisch nachfasst, Interessenten kontaktiert, vorqualifiziert und Termine direkt bucht – ohne zusätzlichen Aufwand.
Wäre ein kurzes Gespräch dazu interessant?"