"Company Name","Website","Phone","Email","City","Branche","Outreach Message"
"Pieper-Bedachungen Gesellschaft mbH","http://www.pieper-bedachung.de/","+49 2933 2120","pieper-bedachungen@t-online.de","Sundern (Sauerland)","Dachdecker","Guten Tag Pieper-Bedachungen Gesellschaft mbH,

wir sind Scalepilot – ein KI-Unternehmen für automatisierte Vertriebsprozesse.

Wir sind auf euren Betrieb gestoßen und haben gesehen, dass ihr im Dachbereich aktiv seid.

Wir entwickeln ein System für Handwerksbetriebe, das Anfragen automatisch nachfasst, Interessenten kontaktiert, vorqualifiziert und Termine direkt bucht – ohne zusätzlichen Aufwand und das in einem monatlich kündbaren Abo.

Wäre das ein Gespräch wert?"
"Bedachungen Walther Dachdecker","http://www.ergste.de/","+49 2304 973737","dachdecker@ergste.de","Schwerte","Dachdecker","Guten Tag Bedachungen Walther Dachdecker,

wir sind Scalepilot – ein KI-Unternehmen für automatisierte Vertriebsprozesse.

Wir sind auf euren Betrieb gestoßen und haben gesehen, dass ihr im Dachbereich aktiv seid.

Wir entwickeln ein System für Handwerksbetriebe, das Anfragen automatisch nachfasst, Interessenten kontaktiert, vorqualifiziert und Termine direkt bucht – ohne zusätzlichen Aufwand und das in einem monatlich kündbaren Abo.

Wäre das ein Gespräch wert?"
"Dachdeckerei Dieter Enders","http://www.dachdeckerei-enders.de/","+49 2266 479575","info@dachdeckerei-enders.de","Lindlar","Dachdecker","Guten Tag Dachdeckerei Dieter Enders,

wir sind Scalepilot – ein KI-Unternehmen für automatisierte Vertriebsprozesse.

Wir sind auf euren Betrieb gestoßen und haben gesehen, dass ihr als Meisterbetrieb im Bereich Flachdach und Dachsanierung tätig seid.

Wir entwickeln ein System für Handwerksbetriebe, das Anfragen automatisch nachfasst, Interessenten kontaktiert, vorqualifiziert und Termine direkt bucht – ohne zusätzlichen Aufwand und das in einem monatlich kündbaren Abo.

Wäre das ein Gespräch wert?"
"Dachdecker Holger Kurkowitz","https://www.kurkowitz.de/","#ERROR!","service@berkowitz-gmbh.de","Bochum","Dachdecker","Guten Tag Dachdecker Holger Kurkowitz,

wir sind Scalepilot – ein KI-Unternehmen für automatisierte Vertriebsprozesse.

Wir sind auf euren Betrieb gestoßen und haben gesehen, dass ihr im Dachbereich aktiv seid.

Wir entwickeln ein System für Handwerksbetriebe, das Anfragen automatisch nachfasst, Interessenten kontaktiert, vorqualifiziert und Termine direkt bucht – ohne zusätzlichen Aufwand und das in einem monatlich kündbaren Abo.

Wäre das ein Gespräch wert?"
"Karl Kummer GmbH Dachdecker- und Klempnermeister","http://www.dachdecker-kummer.de/","+49 221 635127","karl.kummer@t-online.de","Köln","Dachdecker","Guten Tag Karl Kummer GmbH,

wir sind Scalepilot – ein KI-Unternehmen für automatisierte Vertriebsprozesse.

Wir sind auf euren Betrieb gestoßen und haben gesehen, dass ihr im Dachbereich aktiv seid.

Wir entwickeln ein System für Handwerksbetriebe, das Anfragen automatisch nachfasst, Interessenten kontaktiert, vorqualifiziert und Termine direkt bucht – ohne zusätzlichen Aufwand und das in einem monatlich kündbaren Abo.

Wäre das ein Gespräch wert?"
"Dachdeckermeister Karsten Kirchhoff GmbH","https://www.kirchhoff-dachdecker.de/","+49 33932 600470","info@kirchhoff-dachdecker.de","Fehrbellin","Dachdecker","Guten Tag Dachdeckermeister Karsten Kirchhoff GmbH,

wir sind Scalepilot – ein KI-Unternehmen für automatisierte Vertriebsprozesse.

Wir sind auf euren Betrieb gestoßen und haben gesehen, dass ihr als Meisterbetrieb auch Photovoltaik-Projekte umsetzt.

Wir entwickeln ein System für Handwerksbetriebe, das Anfragen automatisch nachfasst, Interessenten kontaktiert, vorqualifiziert und Termine direkt bucht – ohne zusätzlichen Aufwand und das in einem monatlich kündbaren Abo.

Wäre das ein Gespräch wert?"
"Peter Lohölter","http://wohnbau-westerburg.de/partner/dachdeckerarbeiten/","+49 271 8909066","info@wohnbau-westerburg.de","Siegen","Dachdecker","Guten Tag Peter Lohölter,

wir sind Scalepilot – ein KI-Unternehmen für automatisierte Vertriebsprozesse.

Wir sind auf euren Betrieb gestoßen und haben gesehen, dass ihr im Dachbereich aktiv seid.

Wir entwickeln ein System für Handwerksbetriebe, das Anfragen automatisch nachfasst, Interessenten kontaktiert, vorqualifiziert und Termine direkt bucht – ohne zusätzlichen Aufwand und das in einem monatlich kündbaren Abo.

Wäre das ein Gespräch wert?"
"Detlef Lenz Bedachungen","https://www.bedachungen-lenz.de/","+49 2161 5762989","detlef.lenz-bedachungen@t-online.de","Mönchengladbach","Dachdecker","Guten Tag Detlef Lenz Bedachungen,

wir sind Scalepilot – ein KI-Unternehmen für automatisierte Vertriebsprozesse.

Wir sind auf euren Betrieb gestoßen und haben gesehen, dass ihr schwerpunktmäßig mit Gewerbekunden arbeitet.

Wir entwickeln ein System für Handwerksbetriebe, das Anfragen automatisch nachfasst, Interessenten kontaktiert, vorqualifiziert und Termine direkt bucht – ohne zusätzlichen Aufwand und das in einem monatlich kündbaren Abo.

Wäre das ein Gespräch wert?"
"Dachdeckerfachbetrieb Brinkmann","http://dachdecker-brinkmann.de/kontakt/","+49 1523 4218474","info@dachdecker-brinkmann.de","Essen","Dachdecker","Guten Tag Dachdeckerfachbetrieb Brinkmann,

wir sind Scalepilot – ein KI-Unternehmen für automatisierte Vertriebsprozesse.

Wir sind auf euren Betrieb gestoßen und haben gesehen, dass ihr im Bereich Flachdach tätig seid.

Wir entwickeln ein System für Handwerksbetriebe, das Anfragen automatisch nachfasst, Interessenten kontaktiert, vorqualifiziert und Termine direkt bucht – ohne zusätzlichen Aufwand und das in einem monatlich kündbaren Abo.

Wäre das ein Gespräch wert?"
"Krämer Bedachungstechnik","https://kramer-gmbh.com/en/","49766593590","info@kramer-gmbh.com","Freiburg","Dachdecker","Guten Tag Krämer Bedachungstechnik,

wir sind Scalepilot – ein KI-Unternehmen für automatisierte Vertriebsprozesse.

Wir sind auf euren Betrieb gestoßen und haben gesehen, dass ihr mit langjähriger Erfahrung für Gewerbekunden im Dachbereich unterwegs seid.

Wir entwickeln ein System für Handwerksbetriebe, das Anfragen automatisch nachfasst, Interessenten kontaktiert, vorqualifiziert und Termine direkt bucht – ohne zusätzlichen Aufwand und das in einem monatlich kündbaren Abo.

Wäre das ein Gespräch wert?"
"Dachdecker Nord-Ost eG","https://www.dachdecker-no.de/","+49 38375 2670","info@dachdecker-no.de","Ückeritz","Dachdecker","Guten Tag Dachdecker Nord-Ost eG,

wir sind Scalepilot – ein KI-Unternehmen für automatisierte Vertriebsprozesse.

Wir sind auf euren Betrieb gestoßen und haben gesehen, dass ihr als Meisterbetrieb für Gewerbe- und öffentliche Auftraggeber tätig seid.

Wir entwickeln ein System für Handwerksbetriebe, das Anfragen automatisch nachfasst, Interessenten kontaktiert, vorqualifiziert und Termine direkt bucht – ohne zusätzlichen Aufwand und das in einem monatlich kündbaren Abo.

Wäre das ein Gespräch wert?"
"DEG Alles für das Dach eG","http://www.deg-dach.de/","+49 481 85460","impressum@deg-dach.de","Heide","Dachdecker","Guten Tag DEG Alles für das Dach eG,

wir sind Scalepilot – ein KI-Unternehmen für automatisierte Vertriebsprozesse.

Wir sind auf euren Betrieb gestoßen und haben gesehen, dass ihr mit langjähriger Erfahrung für Gewerbe- und Industriekunden im Dachbereich tätig seid.

Wir entwickeln ein System für Handwerksbetriebe, das Anfragen automatisch nachfasst, Interessenten kontaktiert, vorqualifiziert und Termine direkt bucht – ohne zusätzlichen Aufwand und das in einem monatlich kündbaren Abo.

Wäre das ein Gespräch wert?"
"DWK Bedachungen GmbH Dachdeckerei","http://www.dwk-bedachungen.de/","+49 4331 146636","kontakt@dwk-bedachungen.de","Osterrönfeld","Dachdecker","Guten Tag DWK Bedachungen GmbH,

wir sind Scalepilot – ein KI-Unternehmen für automatisierte Vertriebsprozesse.

Wir sind auf euren Betrieb gestoßen und haben gesehen, dass ihr euch auf Dachsanierung spezialisiert habt.

Wir entwickeln ein System für Handwerksbetriebe, das Anfragen automatisch nachfasst, Interessenten kontaktiert, vorqualifiziert und Termine direkt bucht – ohne zusätzlichen Aufwand und das in einem monatlich kündbaren Abo.

Wäre das ein Gespräch wert?"
"Bedachungen Gerlach","http://www.bedachungen-gerlach.de/","+49 163 7997878","info@bedachungen-gerlach.de","München","Dachdecker","Guten Tag Bedachungen Gerlach,

wir sind Scalepilot – ein KI-Unternehmen für automatisierte Vertriebsprozesse.

Wir sind auf euren Betrieb gestoßen und haben gesehen, dass ihr im Bereich Flachdach tätig seid.

Wir entwickeln ein System für Handwerksbetriebe, das Anfragen automatisch nachfasst, Interessenten kontaktiert, vorqualifiziert und Termine direkt bucht – ohne zusätzlichen Aufwand und das in einem monatlich kündbaren Abo.

Wäre das ein Gespräch wert?"
"Friedländer Dachdecker eG","http://mse-dach.de/","+49 39601 20258","info@mse-dach.de","Friedland","Dachdecker","Guten Tag Friedländer Dachdecker eG,

wir sind Scalepilot – ein KI-Unternehmen für automatisierte Vertriebsprozesse.

Wir sind auf euren Betrieb gestoßen und haben gesehen, dass ihr Photovoltaik-Projekte für Gewerbe- und öffentliche Auftraggeber umsetzt.

Wir entwickeln ein System für Handwerksbetriebe, das Anfragen automatisch nachfasst, Interessenten kontaktiert, vorqualifiziert und Termine direkt bucht – ohne zusätzlichen Aufwand und das in einem monatlich kündbaren Abo.

Wäre das ein Gespräch wert?"
"Dachdeckerbetrieb Nietosdateck Inh. Marko Spitzenberg","https://www.dachdecker-friedland.de/","+49 39601 26734","info@dachdecker-friedland.de","Friedland","Dachdecker","Guten Tag Dachdeckerbetrieb Nietosdateck,

wir sind Scalepilot – ein KI-Unternehmen für automatisierte Vertriebsprozesse.

Wir sind auf euren Betrieb gestoßen und haben gesehen, dass ihr als Meisterbetrieb auch Photovoltaik-Anlagen installiert.

Wir entwickeln ein System für Handwerksbetriebe, das Anfragen automatisch nachfasst, Interessenten kontaktiert, vorqualifiziert und Termine direkt bucht – ohne zusätzlichen Aufwand und das in einem monatlich kündbaren Abo.

Wäre das ein Gespräch wert?"
"Holger Schröder Dach- und Fassadenbau GmbH","http://www.flachdach-schroeder.de/","+49 395 769800","info@schroederdach.de","Neubrandenburg","Dachdecker","Guten Tag Holger Schröder Dach- und Fassadenbau GmbH,

wir sind Scalepilot – ein KI-Unternehmen für automatisierte Vertriebsprozesse.

Wir sind auf euren Betrieb gestoßen und haben gesehen, dass ihr als Meisterbetrieb für Gewerbe- und Industriekunden im Flachdachbereich tätig seid.

Wir entwickeln ein System für Handwerksbetriebe, das Anfragen automatisch nachfasst, Interessenten kontaktiert, vorqualifiziert und Termine direkt bucht – ohne zusätzlichen Aufwand und das in einem monatlich kündbaren Abo.

Wäre das ein Gespräch wert?"
"Dachbau Hank GmbH & Co. KG","https://www.dachdecker-hank.de/","+49 39997 10775","mario.hank@yahoo.de","Jarmen","Dachdecker","Guten Tag Dachbau Hank GmbH,

wir sind Scalepilot – ein KI-Unternehmen für automatisierte Vertriebsprozesse.

Wir sind auf euren Betrieb gestoßen und haben gesehen, dass ihr im Bereich Spenglerei und Metallarbeiten für Bauträger und Architekten tätig seid.

Wir entwickeln ein System für Handwerksbetriebe, das Anfragen automatisch nachfasst, Interessenten kontaktiert, vorqualifiziert und Termine direkt bucht – ohne zusätzlichen Aufwand und das in einem monatlich kündbaren Abo.

Wäre das ein Gespräch wert?"
"Dachdeckerei Hartmut Krüger GmbH","http://www.krueger-dachdeckerei.de/","+49 30 66708270","info@krueger-dachdeckerei.de","Berlin","Dachdecker","Guten Tag Dachdeckerei Hartmut Krüger GmbH,

wir sind Scalepilot – ein KI-Unternehmen für automatisierte Vertriebsprozesse.

Wir sind auf euren Betrieb gestoßen und haben gesehen, dass ihr als Meisterbetrieb für Gewerbe- und öffentliche Auftraggeber tätig seid.

Wir entwickeln ein System für Handwerksbetriebe, das Anfragen automatisch nachfasst, Interessenten kontaktiert, vorqualifiziert und Termine direkt bucht – ohne zusätzlichen Aufwand und das in einem monatlich kündbaren Abo.

Wäre das ein Gespräch wert?"
"Detzner Dachbau","http://www.detzner-dachbau.de/","+49 30 43779150","info@detzner-dachbau.de","Berlin","Dachdecker","Guten Tag Detzner Dachbau,

wir sind Scalepilot – ein KI-Unternehmen für automatisierte Vertriebsprozesse.

Wir sind auf euren Betrieb gestoßen und haben gesehen, dass ihr mit langjähriger Erfahrung für Bauträger und Architekten im Bereich Dachsanierung tätig seid.

Wir entwickeln ein System für Handwerksbetriebe, das Anfragen automatisch nachfasst, Interessenten kontaktiert, vorqualifiziert und Termine direkt bucht – ohne zusätzlichen Aufwand und das in einem monatlich kündbaren Abo.

Wäre das ein Gespräch wert?"
"Dach Duwe","http://dachduwe.de/","+49 177 5778382","kontakt@dachduwe.de","Berlin","Dachdecker","Guten Tag Dach Duwe,

wir sind Scalepilot – ein KI-Unternehmen für automatisierte Vertriebsprozesse.

Wir sind auf euren Betrieb gestoßen und haben gesehen, dass ihr für öffentliche Auftraggeber im Dachbereich tätig seid.

Wir entwickeln ein System für Handwerksbetriebe, das Anfragen automatisch nachfasst, Interessenten kontaktiert, vorqualifiziert und Termine direkt bucht – ohne zusätzlichen Aufwand und das in einem monatlich kündbaren Abo.

Wäre das ein Gespräch wert?"
"Dachdeckermeister Maximilian Rüger","https://www.ruegerdach.de/","+49 30 45029300","info@ruegerdach.de","Berlin","Dachdecker","Guten Tag Dachdeckermeister Maximilian Rüger,

wir sind Scalepilot – ein KI-Unternehmen für automatisierte Vertriebsprozesse.

Wir sind auf euren Betrieb gestoßen und haben gesehen, dass ihr als Meisterbetrieb für Gewerbe- und öffentliche Auftraggeber tätig seid.

Wir entwickeln ein System für Handwerksbetriebe, das Anfragen automatisch nachfasst, Interessenten kontaktiert, vorqualifiziert und Termine direkt bucht – ohne zusätzlichen Aufwand und das in einem monatlich kündbaren Abo.

Wäre das ein Gespräch wert?"
"Ewald Rohde Bedachungs GmbH","https://www.bedachungen-rohde.de/","+49 3322 286424","info@bedachungen-rohde.de","Berlin","Dachdecker","Guten Tag Ewald Rohde Bedachungs GmbH,

wir sind Scalepilot – ein KI-Unternehmen für automatisierte Vertriebsprozesse.

Wir sind auf euren Betrieb gestoßen und haben gesehen, dass ihr im Bereich Flachdach tätig seid.

Wir entwickeln ein System für Handwerksbetriebe, das Anfragen automatisch nachfasst, Interessenten kontaktiert, vorqualifiziert und Termine direkt bucht – ohne zusätzlichen Aufwand und das in einem monatlich kündbaren Abo.

Wäre das ein Gespräch wert?"
"Dachblitz GmbH","http://www.dachblitz.de/","+49 351 270350","info@dachblitz.de","Dresden","Dachdecker","Guten Tag Dachblitz GmbH,

wir sind Scalepilot – ein KI-Unternehmen für automatisierte Vertriebsprozesse.

Wir sind auf euren Betrieb gestoßen und haben gesehen, dass ihr Photovoltaik-Projekte für Gewerbe- und öffentliche Auftraggeber umsetzt.

Wir entwickeln ein System für Handwerksbetriebe, das Anfragen automatisch nachfasst, Interessenten kontaktiert, vorqualifiziert und Termine direkt bucht – ohne zusätzlichen Aufwand und das in einem monatlich kündbaren Abo.

Wäre das ein Gespräch wert?"
"Adelsberger GmbH","https://www.gebr-adelsberger.de/","+49 89 43573777","spenglerei@gebr-adelsberger.de","München","Dachdecker","Guten Tag Adelsberger GmbH,

wir sind Scalepilot – ein KI-Unternehmen für automatisierte Vertriebsprozesse.

Wir sind auf euren Betrieb gestoßen und haben gesehen, dass ihr mit langjähriger Erfahrung für öffentliche Auftraggeber im Bereich Spenglerei tätig seid.

Wir entwickeln ein System für Handwerksbetriebe, das Anfragen automatisch nachfasst, Interessenten kontaktiert, vorqualifiziert und Termine direkt bucht – ohne zusätzlichen Aufwand und das in einem monatlich kündbaren Abo.

Wäre das ein Gespräch wert?"
"Weber & Co. GmbH","https://weber-co-gmbh.de/","+49 3385 53760","p.wichmann@weber-co-gmbh.de","Rathenow","Dachdecker","Guten Tag Weber & Co. GmbH,

wir sind Scalepilot – ein KI-Unternehmen für automatisierte Vertriebsprozesse.

Wir sind auf euren Betrieb gestoßen und haben gesehen, dass ihr für Gewerbe- und öffentliche Auftraggeber im Bereich Dachsanierung tätig seid.

Wir entwickeln ein System für Handwerksbetriebe, das Anfragen automatisch nachfasst, Interessenten kontaktiert, vorqualifiziert und Termine direkt bucht – ohne zusätzlichen Aufwand und das in einem monatlich kündbaren Abo.

Wäre das ein Gespräch wert?"
"Geld vom Dach - Die Sonne macht's","http://www.geldvomdach.de/","+49 391 81959585","magdeburg@kh-elbe-boerde.de","Magdeburg","Dachdecker","Guten Tag Geld vom Dach,

wir sind Scalepilot – ein KI-Unternehmen für automatisierte Vertriebsprozesse.

Wir sind auf euren Betrieb gestoßen und haben gesehen, dass ihr im Dachbereich aktiv seid.

Wir entwickeln ein System für Handwerksbetriebe, das Anfragen automatisch nachfasst, Interessenten kontaktiert, vorqualifiziert und Termine direkt bucht – ohne zusätzlichen Aufwand und das in einem monatlich kündbaren Abo.

Wäre das ein Gespräch wert?"
"Dachdeckerei Viellechner Berlin","https://dachserviceberlin.de/","+49 30 754365161","info@viellechner.com","Berlin","Dachdecker","Guten Tag Dachdeckerei Viellechner Berlin,

wir sind Scalepilot – ein KI-Unternehmen für automatisierte Vertriebsprozesse.

Wir sind auf euren Betrieb gestoßen und haben gesehen, dass ihr als Meisterbetrieb für Gewerbekunden im Bereich Dachsanierung tätig seid.

Wir entwickeln ein System für Handwerksbetriebe, das Anfragen automatisch nachfasst, Interessenten kontaktiert, vorqualifiziert und Termine direkt bucht – ohne zusätzlichen Aufwand und das in einem monatlich kündbaren Abo.

Wäre das ein Gespräch wert?"
"Kai Schmid, Dachdeckerei und Bauklempnerei","https://www.dachdeckerei-schmid.de/","+49 30 7689250","info@dachdeckerei-schmid.de","Berlin","Dachdecker","Guten Tag Kai Schmid Dachdeckerei,

wir sind Scalepilot – ein KI-Unternehmen für automatisierte Vertriebsprozesse.

Wir sind auf euren Betrieb gestoßen und haben gesehen, dass ihr als Meisterbetrieb auch für Hausverwaltungen tätig seid.

Wir entwickeln ein System für Handwerksbetriebe, das Anfragen automatisch nachfasst, Interessenten kontaktiert, vorqualifiziert und Termine direkt bucht – ohne zusätzlichen Aufwand und das in einem monatlich kündbaren Abo.

Wäre das ein Gespräch wert?"
"Dachdeckermeister K.-D. Rotter GmbH","http://www.dachdeckerei-rotter.de/","+49 30 6849053","605a7baede844d278b89dc95ae0a9123@sentry-next.wixpress.com","Berlin","Dachdecker","Guten Tag Dachdeckermeister K.-D. Rotter GmbH,

wir sind Scalepilot – ein KI-Unternehmen für automatisierte Vertriebsprozesse.

Wir sind auf euren Betrieb gestoßen und haben gesehen, dass ihr als Meisterbetrieb für Gewerbekunden und Hausverwaltungen tätig seid.

Wir entwickeln ein System für Handwerksbetriebe, das Anfragen automatisch nachfasst, Interessenten kontaktiert, vorqualifiziert und Termine direkt bucht – ohne zusätzlichen Aufwand und das in einem monatlich kündbaren Abo.

Wäre das ein Gespräch wert?"
"ZEDF Zehlendorfer Dachdeckermeisterbetrieb GmbH Dachdeckermeister Stellmacher","http://www.zedf.de/","+49 30 80909265","service@zedf.de","Berlin","Dachdecker","Guten Tag ZEDF Zehlendorfer Dachdeckermeisterbetrieb,

wir sind Scalepilot – ein KI-Unternehmen für automatisierte Vertriebsprozesse.

Wir sind auf euren Betrieb gestoßen und haben gesehen, dass ihr als Meisterbetrieb für Bauträger und Architekten im Bereich Flachdach tätig seid.

Wir entwickeln ein System für Handwerksbetriebe, das Anfragen automatisch nachfasst, Interessenten kontaktiert, vorqualifiziert und Termine direkt bucht – ohne zusätzlichen Aufwand und das in einem monatlich kündbaren Abo.

Wäre das ein Gespräch wert?"
"DACHLAND Berlin GmbH","https://www.dachland-berlin.de/","+49 30 20915720","dachland@dachland-berlin.de","Berlin","Dachdecker","Guten Tag DACHLAND Berlin GmbH,

wir sind Scalepilot – ein KI-Unternehmen für automatisierte Vertriebsprozesse.

Wir sind auf euren Betrieb gestoßen und haben gesehen, dass ihr als zertifizierter Betrieb für Gewerbe- und öffentliche Auftraggeber im Flachdachbereich tätig seid.

Wir entwickeln ein System für Handwerksbetriebe, das Anfragen automatisch nachfasst, Interessenten kontaktiert, vorqualifiziert und Termine direkt bucht – ohne zusätzlichen Aufwand und das in einem monatlich kündbaren Abo.

Wäre das ein Gespräch wert?"
"Rudolph Dachbau GmbH","https://www.rudolph-dachbau.de/","+49 30 40208286","info@rudolph-dachbau.de","Berlin","Dachdecker","Guten Tag Rudolph Dachbau GmbH,

wir sind Scalepilot – ein KI-Unternehmen für automatisierte Vertriebsprozesse.

Wir sind auf euren Betrieb gestoßen und haben gesehen, dass ihr für Gewerbe- und öffentliche Auftraggeber im Dachbereich tätig seid.

Wir entwickeln ein System für Handwerksbetriebe, das Anfragen automatisch nachfasst, Interessenten kontaktiert, vorqualifiziert und Termine direkt bucht – ohne zusätzlichen Aufwand und das in einem monatlich kündbaren Abo.

Wäre das ein Gespräch wert?"
"Dachdecker Berlin - Laubinger & Russ","https://laubinger-russ.de/dachdecker-berlin/","+49 173 2085945","info@laubinger-russ.de","Berlin","Dachdecker","Guten Tag Laubinger & Russ,

wir sind Scalepilot – ein KI-Unternehmen für automatisierte Vertriebsprozesse.

Wir sind auf euren Betrieb gestoßen und haben gesehen, dass ihr als Meisterbetrieb für Gewerbe- und öffentliche Auftraggeber tätig seid.

Wir entwickeln ein System für Handwerksbetriebe, das Anfragen automatisch nachfasst, Interessenten kontaktiert, vorqualifiziert und Termine direkt bucht – ohne zusätzlichen Aufwand und das in einem monatlich kündbaren Abo.

Wäre das ein Gespräch wert?"
"Palluth-Dachbau GmbH","http://www.palluth-dachbau.de/","+49 30 4554051","info@palluth-dachbau.de","Hohen Neuendorf","Dachdecker","Guten Tag Palluth-Dachbau GmbH,

wir sind Scalepilot – ein KI-Unternehmen für automatisierte Vertriebsprozesse.

Wir sind auf euren Betrieb gestoßen und haben gesehen, dass ihr im Dachbereich aktiv seid.

Wir entwickeln ein System für Handwerksbetriebe, das Anfragen automatisch nachfasst, Interessenten kontaktiert, vorqualifiziert und Termine direkt bucht – ohne zusätzlichen Aufwand und das in einem monatlich kündbaren Abo.

Wäre das ein Gespräch wert?"
"Dachdeckerei Mix GmbH","http://www.dachdeckerei-mix.de/","+49 30 53648422","info@dachdeckerei-mix.de","Berlin","Dachdecker","Guten Tag Dachdeckerei Mix GmbH,

wir sind Scalepilot – ein KI-Unternehmen für automatisierte Vertriebsprozesse.

Wir sind auf euren Betrieb gestoßen und haben gesehen, dass ihr im Dachbereich aktiv seid.

Wir entwickeln ein System für Handwerksbetriebe, das Anfragen automatisch nachfasst, Interessenten kontaktiert, vorqualifiziert und Termine direkt bucht – ohne zusätzlichen Aufwand und das in einem monatlich kündbaren Abo.

Wäre das ein Gespräch wert?"
"Universum Dachbau GmbH","http://www.universum-dachbau.de/","+49 30 39877084","info@universum-dachbau.de","Berlin","Dachdecker","Guten Tag Universum Dachbau GmbH,

wir sind Scalepilot – ein KI-Unternehmen für automatisierte Vertriebsprozesse.

Wir sind auf euren Betrieb gestoßen und haben gesehen, dass ihr als zertifizierter Betrieb für Gewerbe- und öffentliche Auftraggeber im Dachbereich tätig seid.

Wir entwickeln ein System für Handwerksbetriebe, das Anfragen automatisch nachfasst, Interessenten kontaktiert, vorqualifiziert und Termine direkt bucht – ohne zusätzlichen Aufwand und das in einem monatlich kündbaren Abo.

Wäre das ein Gespräch wert?"
"Rainer Bauer Dachdeckerei-und Zimmerei Meisterbetrieb","http://www.zimmereibetrieb-bauer.de/","+49 38852 52291","d.bauer@zimmereibetrieb-bauer.de","Wittenburg","Dachdecker","Guten Tag Rainer Bauer Dachdeckerei,

wir sind Scalepilot – ein KI-Unternehmen für automatisierte Vertriebsprozesse.

Wir sind auf euren Betrieb gestoßen und haben gesehen, dass ihr als Meisterbetrieb für Gewerbe- und öffentliche Auftraggeber im Bereich Dachsanierung tätig seid.

Wir entwickeln ein System für Handwerksbetriebe, das Anfragen automatisch nachfasst, Interessenten kontaktiert, vorqualifiziert und Termine direkt bucht – ohne zusätzlichen Aufwand und das in einem monatlich kündbaren Abo.

Wäre das ein Gespräch wert?"
"Dachdeckerei & Spenglerei SIML | Ihr Dachdecker in München","https://www.meister-siml.de/","+49 89 60087785","info@meister-siml.de","Neubiberg","Dachdecker","Guten Tag Dachdeckerei & Spenglerei SIML,

wir sind Scalepilot – ein KI-Unternehmen für automatisierte Vertriebsprozesse.

Wir sind auf euren Betrieb gestoßen und haben gesehen, dass ihr als Meisterbetrieb sowohl für Privat- als auch für Gewerbekunden tätig seid.

Wir entwickeln ein System für Handwerksbetriebe, das Anfragen automatisch nachfasst, Interessenten kontaktiert, vorqualifiziert und Termine direkt bucht – ohne zusätzlichen Aufwand und das in einem monatlich kündbaren Abo.

Wäre das ein Gespräch wert?"
"Löffler GmbH München","https://www.spenglerei-loeffler.de/","+49 89 1402155","servus@spenglerei-loeffler.de","München","Dachdecker","Guten Tag Löffler GmbH,

wir sind Scalepilot – ein KI-Unternehmen für automatisierte Vertriebsprozesse.

Wir sind auf euren Betrieb gestoßen und haben gesehen, dass ihr als Familienbetrieb für Gewerbekunden im Bereich Dachsanierung tätig seid.

Wir entwickeln ein System für Handwerksbetriebe, das Anfragen automatisch nachfasst, Interessenten kontaktiert, vorqualifiziert und Termine direkt bucht – ohne zusätzlichen Aufwand und das in einem monatlich kündbaren Abo.

Wäre das ein Gespräch wert?"
"Spengler und Dachdecker A. & H. Bauer GmbH München","https://spenglerei-bauer.de/","+49 89 9045109","info@spenglerei-bauer.de","Aschheim","Dachdecker","Guten Tag Spengler und Dachdecker A. & H. Bauer GmbH,

wir sind Scalepilot – ein KI-Unternehmen für automatisierte Vertriebsprozesse.

Wir sind auf euren Betrieb gestoßen und haben gesehen, dass ihr als regionaler Anbieter für Gewerbekunden im Flachdachbereich tätig seid.

Wir entwickeln ein System für Handwerksbetriebe, das Anfragen automatisch nachfasst, Interessenten kontaktiert, vorqualifiziert und Termine direkt bucht – ohne zusätzlichen Aufwand und das in einem monatlich kündbaren Abo.

Wäre das ein Gespräch wert?"
"Günther und Eduard Wagner eGbR","http://www.dachdecker-muenchen.info/","+49 89 31220881","email@dachdecker-wagner.info","München","Dachdecker","Guten Tag Günther und Eduard Wagner,

wir sind Scalepilot – ein KI-Unternehmen für automatisierte Vertriebsprozesse.

Wir sind auf euren Betrieb gestoßen und haben gesehen, dass ihr als Meisterbetrieb für Gewerbekunden im Bereich Spenglerei tätig seid.

Wir entwickeln ein System für Handwerksbetriebe, das Anfragen automatisch nachfasst, Interessenten kontaktiert, vorqualifiziert und Termine direkt bucht – ohne zusätzlichen Aufwand und das in einem monatlich kündbaren Abo.

Wäre das ein Gespräch wert?"
"Tectus Flachdachabdichtungen GmbH","https://www.tectusdach.de/","+49 89 3540493","info@tectusdach.de","München","Dachdecker","Guten Tag Tectus Flachdachabdichtungen GmbH,

wir sind Scalepilot – ein KI-Unternehmen für automatisierte Vertriebsprozesse.

Wir sind auf euren Betrieb gestoßen und haben gesehen, dass ihr mit langjähriger Erfahrung im Bereich Flachdachabdichtung für Gewerbe- und Industriekunden tätig seid.

Wir entwickeln ein System für Handwerksbetriebe, das Anfragen automatisch nachfasst, Interessenten kontaktiert, vorqualifiziert und Termine direkt bucht – ohne zusätzlichen Aufwand und das in einem monatlich kündbaren Abo.

Wäre das ein Gespräch wert?"
"Probst Bedachungen GmbH","http://www.probst-bedachungen.de/","+49 89 8991660","info@probst-bedachungen.de","Planegg","Bedachungsfachhandel","Guten Tag Probst Bedachungen GmbH,

wir sind Scalepilot – ein KI-Unternehmen für automatisierte Vertriebsprozesse.

Wir sind auf euren Betrieb gestoßen und haben gesehen, dass ihr für Gewerbekunden mit Fokus auf nachhaltige Dachsysteme tätig seid.

Wir entwickeln ein System für Handwerksbetriebe, das Anfragen automatisch nachfasst, Interessenten kontaktiert, vorqualifiziert und Termine direkt bucht – ohne zusätzlichen Aufwand und das in einem monatlich kündbaren Abo.

Wäre das ein Gespräch wert?"
"Lex Hans Spenglerei + Bedachung","https://www.spenglerei-lex.de/kontakt/","+49 89 395191","spenglerei-lex@t-online.de","München","Dachdecker","Guten Tag Lex Hans Spenglerei,

wir sind Scalepilot – ein KI-Unternehmen für automatisierte Vertriebsprozesse.

Wir sind auf euren Betrieb gestoßen und haben gesehen, dass ihr im Bereich Spenglerei tätig seid.

Wir entwickeln ein System für Handwerksbetriebe, das Anfragen automatisch nachfasst, Interessenten kontaktiert, vorqualifiziert und Termine direkt bucht – ohne zusätzlichen Aufwand und das in einem monatlich kündbaren Abo.

Wäre das ein Gespräch wert?"
"Spenglerei Karl LAX","https://www.spenglerei-lax.de/","+49 89 1502907","mail@spenglerei-lax.de","München","Dachdecker","Guten Tag Spenglerei Karl LAX,

wir sind Scalepilot – ein KI-Unternehmen für automatisierte Vertriebsprozesse.

Wir sind auf euren Betrieb gestoßen und haben gesehen, dass ihr als Meisterbetrieb für Gewerbe- und öffentliche Auftraggeber im Bereich Flachdach tätig seid.

Wir entwickeln ein System für Handwerksbetriebe, das Anfragen automatisch nachfasst, Interessenten kontaktiert, vorqualifiziert und Termine direkt bucht – ohne zusätzlichen Aufwand und das in einem monatlich kündbaren Abo.

Wäre das ein Gespräch wert?"
"Thomas Meier GmbH","https://unserneuesdach.de/","+49 89 585696","dpo@wordpress.org","München","Dachdecker","Guten Tag Thomas Meier GmbH,

wir sind Scalepilot – ein KI-Unternehmen für automatisierte Vertriebsprozesse.

Wir sind auf euren Betrieb gestoßen und haben gesehen, dass ihr als Meisterbetrieb für Gewerbekunden im Dachbereich tätig seid.

Wir entwickeln ein System für Handwerksbetriebe, das Anfragen automatisch nachfasst, Interessenten kontaktiert, vorqualifiziert und Termine direkt bucht – ohne zusätzlichen Aufwand und das in einem monatlich kündbaren Abo.

Wäre das ein Gespräch wert?"
"JOHNDACH","http://www.johndach.de/","+49 1514 7061526","info@johndach.de","München","Dachdecker","Guten Tag JOHNDACH,

wir sind Scalepilot – ein KI-Unternehmen für automatisierte Vertriebsprozesse.

Wir sind auf euren Betrieb gestoßen und haben gesehen, dass ihr euch auf Dachabdichtung spezialisiert habt.

Wir entwickeln ein System für Handwerksbetriebe, das Anfragen automatisch nachfasst, Interessenten kontaktiert, vorqualifiziert und Termine direkt bucht – ohne zusätzlichen Aufwand und das in einem monatlich kündbaren Abo.

Wäre das ein Gespräch wert?"
"Schotte Dachdeckerei und Spenglerei GmbH","http://www.schotte-gmbh.de/","+49 89 469237","schottegmbh@web.de","Haar","Dachdecker","Guten Tag Schotte Dachdeckerei und Spenglerei GmbH,

wir sind Scalepilot – ein KI-Unternehmen für automatisierte Vertriebsprozesse.

Wir sind auf euren Betrieb gestoßen und haben gesehen, dass ihr für öffentliche Auftraggeber im Bereich Spenglerei tätig seid.

Wir entwickeln ein System für Handwerksbetriebe, das Anfragen automatisch nachfasst, Interessenten kontaktiert, vorqualifiziert und Termine direkt bucht – ohne zusätzlichen Aufwand und das in einem monatlich kündbaren Abo.

Wäre das ein Gespräch wert?"
"Oliver Schmidt - Spenglermeister","http://www.spengler-dachdecker.de/","+49 89 5024699","schmidt@spengler-dachdecker.de","München","Dachdecker","Guten Tag Oliver Schmidt,

wir sind Scalepilot – ein KI-Unternehmen für automatisierte Vertriebsprozesse.

Wir sind auf euren Betrieb gestoßen und haben gesehen, dass ihr im Dachbereich aktiv seid.

Wir entwickeln ein System für Handwerksbetriebe, das Anfragen automatisch nachfasst, Interessenten kontaktiert, vorqualifiziert und Termine direkt bucht – ohne zusätzlichen Aufwand und das in einem monatlich kündbaren Abo.

Wäre das ein Gespräch wert?"
"Alois Gahr Abdichtungstechnik GmbH","http://alois-gahr.de/","+49 8764 460","mail@alois-gahr.de","Hörgertshausen","Dachdecker","Guten Tag Alois Gahr Abdichtungstechnik GmbH,

wir sind Scalepilot – ein KI-Unternehmen für automatisierte Vertriebsprozesse.

Wir sind auf euren Betrieb gestoßen und haben gesehen, dass ihr euch auf den Bereich Abdichtung spezialisiert habt.

Wir entwickeln ein System für Handwerksbetriebe, das Anfragen automatisch nachfasst, Interessenten kontaktiert, vorqualifiziert und Termine direkt bucht – ohne zusätzlichen Aufwand und das in einem monatlich kündbaren Abo.

Wäre das ein Gespräch wert?"
"Marcus Hager","https://www.dachdeckerei-hager.de/","+49 89 3243900","hager.marcus@gmx.de","München","Dachdecker","Guten Tag Marcus Hager,

wir sind Scalepilot – ein KI-Unternehmen für automatisierte Vertriebsprozesse.

Wir sind auf euren Betrieb gestoßen und haben gesehen, dass ihr als Meisterbetrieb für Gewerbe- und öffentliche Auftraggeber im Bereich Dachfenster tätig seid.

Wir entwickeln ein System für Handwerksbetriebe, das Anfragen automatisch nachfasst, Interessenten kontaktiert, vorqualifiziert und Termine direkt bucht – ohne zusätzlichen Aufwand und das in einem monatlich kündbaren Abo.

Wäre das ein Gespräch wert?"
"Spenglerei Wöllner","https://spenglerei-woellner.de/","+49 160 96464265","info@spenglerei-woellner.de","München","Dachdecker","Guten Tag Spenglerei Wöllner,

wir sind Scalepilot – ein KI-Unternehmen für automatisierte Vertriebsprozesse.

Wir sind auf euren Betrieb gestoßen und haben gesehen, dass ihr als zertifizierter Betrieb für Gewerbe- und öffentliche Auftraggeber im Bereich Abdichtung tätig seid.

Wir entwickeln ein System für Handwerksbetriebe, das Anfragen automatisch nachfasst, Interessenten kontaktiert, vorqualifiziert und Termine direkt bucht – ohne zusätzlichen Aufwand und das in einem monatlich kündbaren Abo.

Wäre das ein Gespräch wert?"
"Spenglerei Hartl","https://www.spenglerei-hartl.de/","+49 89 9031225","info@spenglerei-hartl.de","Kirchheim bei München","Dachdecker","Guten Tag Spenglerei Hartl,

wir sind Scalepilot – ein KI-Unternehmen für automatisierte Vertriebsprozesse.

Wir sind auf euren Betrieb gestoßen und haben gesehen, dass ihr als regionaler Anbieter für Gewerbe- und öffentliche Auftraggeber im Bereich Flachdach tätig seid.

Wir entwickeln ein System für Handwerksbetriebe, das Anfragen automatisch nachfasst, Interessenten kontaktiert, vorqualifiziert und Termine direkt bucht – ohne zusätzlichen Aufwand und das in einem monatlich kündbaren Abo.

Wäre das ein Gespräch wert?"
"Hundhammer Dachdecker GmbH","http://hundhammergmbh.de/","+49 172 6410085","hundhammergmbh@aol.com","München","Dachdecker","Guten Tag Hundhammer Dachdecker GmbH,

wir sind Scalepilot – ein KI-Unternehmen für automatisierte Vertriebsprozesse.

Wir sind auf euren Betrieb gestoßen und haben gesehen, dass ihr für Gewerbekunden im Bereich Flachdach tätig seid.

Wir entwickeln ein System für Handwerksbetriebe, das Anfragen automatisch nachfasst, Interessenten kontaktiert, vorqualifiziert und Termine direkt bucht – ohne zusätzlichen Aufwand und das in einem monatlich kündbaren Abo.

Wäre das ein Gespräch wert?"
"Dachdeckerei, Spenglerei Claus Donath","https://www.dach-donath.de/kontakt.html","+49 8142 597940","info@dach-donath.de","Gröbenzell","Dachdecker","Guten Tag Dachdeckerei Claus Donath,

wir sind Scalepilot – ein KI-Unternehmen für automatisierte Vertriebsprozesse.

Wir sind auf euren Betrieb gestoßen und haben gesehen, dass ihr im Bereich Spenglerei tätig seid.

Wir entwickeln ein System für Handwerksbetriebe, das Anfragen automatisch nachfasst, Interessenten kontaktiert, vorqualifiziert und Termine direkt bucht – ohne zusätzlichen Aufwand und das in einem monatlich kündbaren Abo.

Wäre das ein Gespräch wert?"
